{
  "stats": {
    "min": 100,
    "max": 1200
  },

  "data": [
    {
      "location": [49.2399833, 13.5255667],
      "values": [
        0, 0, 0, 1, 2, 3, 1, 5, 586, 156, 165, 46, 6, 48, 6, 54, 64, 54, 8, 6,
        54, 0, 0, 0
      ],
      "name": "Strakonice, Masarykova"
    }
  ]
}
